Epoch Number,Train Score,Dev Score
0,0.786297963,0.768089725
1,0.832573425,0.784370478
2,0.844564188,0.787264834
3,0.854956182,0.801736614
4,0.844208906,0.797756874
5,0.883911653,0.80463097
6,0.892438418,0.807525326
7,0.896968261,0.819826339
8,0.924236144,0.817293777
9,0.942977262,0.815484805
10,0.956566793,0.831403763
11,0.953013974,0.818017366
12,0.953280436,0.818740955
13,0.973975604,0.821273517
14,0.976906679,0.821635311